description;number;swissTimetableFieldNumber;validFrom;validTo;businessOrganisation;comment
Villars-sur-Glâne;10.20.1;b5.001;2021-11-20;2021-12-01;csv import;csv import test
csv import test;10.20.2;b5.002;2021-11-25;2021-12-01;csv import;csv import test
csv import test;10.20.3;b5.003;2022-01-01;2021-12-01;csv import;csv import test
csv import testcsv import testcsv import testcsv import testcsv import testcsv import testcsv import testcsv import testcsv import testcsv import testcsv import testcsv import testcsv import testcsv import testcsv import testcsv import testcsv import testcsv import test;10.20.4;b5.004;2021-11-23;2021-12-01;csv import;CSV import test
csv import test;10.20.1;b5.005;2021-11-23;2021-12-01;csv import;CSV import test
csv import test;10.20.5;b5.006;2021-11-23;2021-12-01;csv importcsv importcsv importcsv importcsv importcsv importcsv import;CSV import test
csv import test;10.20.6;b5.007;2021-11-23;2021-12-01;csv import;CSV import testCSV import testCSV import testCSV import testCSV import testCSV import testCSV import testCSV import testCSV import testCSV import testCSV import testCSV import testCSV import testCSV import testCSV import testCSV import testCSV import testCSV import test
csv import 是不人;10.20.7;b5.008;2021-11-23;2021-12-01;csv import;CSV import test
csv import test;10.20.8;b5.001;2021-11-23;2021-12-01;csv import;CSV import test
